/*
Navicat MySQL Data Transfer

Source Server         : 20200107
Source Server Version : 50519
Source Host           : localhost:3306
Source Database       : myfirstproject

Target Server Type    : MYSQL
Target Server Version : 50519
File Encoding         : 65001

Date: 2020-05-09 20:49:50
*/

SET FOREIGN_KEY_CHECKS=0;

-- ----------------------------
-- Table structure for admin
-- ----------------------------
DROP TABLE IF EXISTS `admin`;
CREATE TABLE `admin` (
  `adminId` int(10) NOT NULL,
  `adminName` varchar(255) NOT NULL,
  `adminPass` varchar(255) NOT NULL,
  `adminClass` varchar(255) DEFAULT NULL,
  PRIMARY KEY (`adminId`)
) ENGINE=InnoDB DEFAULT CHARSET=utf8;

-- ----------------------------
-- Records of admin
-- ----------------------------
INSERT INTO `admin` VALUES ('0', 'admin', 'admin', '0');
INSERT INTO `admin` VALUES ('1', 'manager', 'manager', '1');
INSERT INTO `admin` VALUES ('2', 'governor', 'governor', '2');

-- ----------------------------
-- Table structure for agent
-- ----------------------------
DROP TABLE IF EXISTS `agent`;
CREATE TABLE `agent` (
  `aID` int(1) NOT NULL AUTO_INCREMENT,
  `aName` varchar(15) DEFAULT NULL COMMENT '名字',
  `aOffice` varchar(15) DEFAULT NULL COMMENT '办公室号码',
  `aMobile` varchar(15) DEFAULT NULL COMMENT '手机号码',
  `aFax` varchar(20) DEFAULT NULL COMMENT '传真',
  `email` varchar(20) DEFAULT NULL COMMENT '邮箱',
  `About` varchar(1000) DEFAULT NULL COMMENT '个人说明',
  `position` varchar(20) DEFAULT NULL COMMENT '职位',
  `picture` varchar(20) DEFAULT NULL,
  PRIMARY KEY (`aID`)
) ENGINE=InnoDB AUTO_INCREMENT=7 DEFAULT CHARSET=utf8;

-- ----------------------------
-- Records of agent
-- ----------------------------
INSERT INTO `agent` VALUES ('1', '黄公子', '0041-456-36921', '0200-123-45671', '0091-789-4561001', 'huang@xiangjie', '本人从事房地产经纪行业2年零3个月,具有丰富的从业经验.熟悉小区各种户型,了解小区周围配套及未来发展规划,为您精确计算购房的税费及首付,为您合理科学的设计购房规划.本人从业期间,办理过商业贷款，\r\n公积金,转按揭等各种单子,熟悉交易流程.而且本人服务热情,周到,专业,真诚,从业期间收到过8次客户赠送的锦旗,30%的客户都为我转介绍新的客户.希望有机会为您提供置业服务,为您找到满意的家!', '黄(销售经理)', 'a2.jpg');
INSERT INTO `agent` VALUES ('2', '段公子', '0041-456-36922', '0200-123-45672', '0091-789-4561002', 'duan@gongzi', '本人从事房地产经纪行业2年零3个月,具有丰富的从业经验.熟悉小区各种户型,了解小区周围配套及未来发展规划,为您精确计算购房的税费及首付,为您合理科学的设计购房规划.本人从业期间,办理过商业贷款，\r\n公积金,转按揭等各种单子,熟悉交易流程.而且本人服务热情,周到,专业,真诚,从业期间收到过8次客户赠送的锦旗,30%的客户都为我转介绍新的客户.希望有机会为您提供置业服务,为您找到满意的家!', '段(销售总监)', 'a3.jpg');
INSERT INTO `agent` VALUES ('3', '何公子', '0041-456-36923', '0200-123-45673', '0091-789-4561003', 'he@gongzi', '本人从事房地产经纪行业2年零3个月,具有丰富的从业经验.熟悉小区各种户型,了解小区周围配套及未来发展规划,为您精确计算购房的税费及首付,为您合理科学的设计购房规划.本人从业期间,办理过商业贷款，\r\n公积金,转按揭等各种单子,熟悉交易流程.而且本人服务热情,周到,专业,真诚,从业期间收到过8次客户赠送的锦旗,30%的客户都为我转介绍新的客户.希望有机会为您提供置业服务,为您找到满意的家!', '何(销售经理)', 'a4.jpg');
INSERT INTO `agent` VALUES ('4', '彭公子', '0041-456-36924', '0200-123-45674', '0091-789-4561004', 'peng@gongzi', '本人从事房地产经纪行业2年零3个月,具有丰富的从业经验.熟悉小区各种户型,了解小区周围配套及未来发展规划,为您精确计算购房的税费及首付,为您合理科学的设计购房规划.本人从业期间,办理过商业贷款，\r\n公积金,转按揭等各种单子,熟悉交易流程.而且本人服务热情,周到,专业,真诚,从业期间收到过8次客户赠送的锦旗,30%的客户都为我转介绍新的客户.希望有机会为您提供置业服务,为您找到满意的家!', '彭(销售经理)', 'a5.jpg');
INSERT INTO `agent` VALUES ('5', '文公子', '0041-456-36925', '13873303357', '0091-789-4561005', 'wen@gongzi', '本人从事房地产经纪行业2年零3个月,具有丰富的从业经验.熟悉小区各种户型,了解小区周围配套及未来发展规划,为您精确计算购房的税费及首付,为您合理科学的设计购房规划.本人从业期间,办理过商业贷款，\r\n公积金,转按揭等各种单子,熟悉交易流程.而且本人服务热情,周到,专业,真诚,从业期间收到过8次客户赠送的锦旗,30%的客户都为我转介绍新的客户.希望有机会为您提供置业服务,为您找到满意的家!', '文(销售总监)', 'a6.jpg');
INSERT INTO `agent` VALUES ('6', '张公子', '0041-456-36926', '0200-123-45676', '0091-789-4561006', 'zhang@gongzi', '本人从事房地产经纪行业2年零3个月,具有丰富的从业经验.熟悉小区各种户型,了解小区周围配套及未来发展规划,为您精确计算购房的税费及首付,为您合理科学的设计购房规划.本人从业期间,办理过商业贷款，\r\n公积金,转按揭等各种单子,熟悉交易流程.而且本人服务热情,周到,专业,真诚,从业期间收到过8次客户赠送的锦旗,30%的客户都为我转介绍新的客户.希望有机会为您提供置业服务,为您找到满意的家!', '张(销售经理)', 'a7.jpg');

-- ----------------------------
-- Table structure for apply
-- ----------------------------
DROP TABLE IF EXISTS `apply`;
CREATE TABLE `apply` (
  `h` varchar(255) DEFAULT NULL COMMENT '标题',
  `text` varchar(255) DEFAULT NULL COMMENT '内容'
) ENGINE=InnoDB DEFAULT CHARSET=utf8;

-- ----------------------------
-- Records of apply
-- ----------------------------
INSERT INTO `apply` VALUES ('前端工程师', '女 颈围21.94 肩围71 胸围61.8 腰围43.88 臀围55 上臂围21.01 前臂围17 大腿围33.99');
INSERT INTO `apply` VALUES ('美工', '女 身高155~177，体重45~60公斤之间');

-- ----------------------------
-- Table structure for awards
-- ----------------------------
DROP TABLE IF EXISTS `awards`;
CREATE TABLE `awards` (
  `id` int(100) DEFAULT NULL,
  `h` varchar(255) DEFAULT NULL COMMENT '小标题',
  `text` varchar(255) DEFAULT NULL COMMENT '详细内容'
) ENGINE=InnoDB DEFAULT CHARSET=utf8;

-- ----------------------------
-- Records of awards
-- ----------------------------
INSERT INTO `awards` VALUES ('3', '湖南最具影响力品牌', '被消广大费者充分认可以及肯定');
INSERT INTO `awards` VALUES ('2', '最具凝聚力的公司', '始终贯彻,一花独放不是春，百花齐放春满园,这一政策');
INSERT INTO `awards` VALUES ('1', '最具幸福感公司', '被员工称为最温暖,和谐,最幸福的公司.');

-- ----------------------------
-- Table structure for culture
-- ----------------------------
DROP TABLE IF EXISTS `culture`;
CREATE TABLE `culture` (
  `text` varchar(255) DEFAULT NULL COMMENT '内容',
  `id` int(110) DEFAULT NULL
) ENGINE=InnoDB DEFAULT CHARSET=utf8;

-- ----------------------------
-- Records of culture
-- ----------------------------
INSERT INTO `culture` VALUES ('诚信正直，合作创新，积极求胜，健康丰盛是公司的核心价值观。公司始终坚持“以人为本”，注重提升员工的生产技能和文化素质，通过培育员工弘扬优秀文化传统，树立正确的价值观、道德观和行为规范来提高员工的忠诚度和工作热情。', '2');
INSERT INTO `culture` VALUES ('公司始终保持着向往美好的真挚情感“人品，产品，企品”三品合一，尊重个人，尊重合作伙伴，持续发展，共享发展目标。', '1');

-- ----------------------------
-- Table structure for feedback
-- ----------------------------
DROP TABLE IF EXISTS `feedback`;
CREATE TABLE `feedback` (
  `id` int(11) NOT NULL AUTO_INCREMENT,
  `fname` varchar(100) DEFAULT NULL,
  `email` varchar(40) DEFAULT NULL,
  `phone` bigint(100) DEFAULT NULL,
  `text` varchar(40) DEFAULT NULL,
  `time` datetime DEFAULT NULL,
  PRIMARY KEY (`id`)
) ENGINE=InnoDB AUTO_INCREMENT=10 DEFAULT CHARSET=utf8;

-- ----------------------------
-- Records of feedback
-- ----------------------------
INSERT INTO `feedback` VALUES ('8', '文', '33333@qq.com', '13877778888', '好', '2020-05-07 18:57:16');
INSERT INTO `feedback` VALUES ('9', '老王', '22222@2ww.com', '1412341234', '这是老王的纪念碑', '2020-05-07 20:49:13');

-- ----------------------------
-- Table structure for house_detail
-- ----------------------------
DROP TABLE IF EXISTS `house_detail`;
CREATE TABLE `house_detail` (
  `houseId` int(4) NOT NULL AUTO_INCREMENT COMMENT '详情id',
  `hId` int(4) NOT NULL COMMENT '房屋id',
  `createDate` date DEFAULT NULL,
  `houseTitle` varchar(20) DEFAULT NULL,
  `houseDetail` varchar(200) DEFAULT NULL,
  `houseEnvironment` varchar(300) DEFAULT NULL COMMENT '房子环境',
  `houseIntrOne` varchar(150) DEFAULT NULL COMMENT '房屋介绍',
  `houseIntrTwo` varchar(150) DEFAULT NULL,
  `houseIntrThree` varchar(150) DEFAULT NULL,
  `houseIntrFour` varchar(150) DEFAULT NULL,
  `houseIntrFive` varchar(150) DEFAULT NULL,
  `bestLifeOne` varchar(150) DEFAULT NULL COMMENT '美好生活栏目',
  `bestLifeTwo` varchar(150) DEFAULT NULL,
  `bestLifeThree` varchar(150) DEFAULT NULL,
  PRIMARY KEY (`houseId`)
) ENGINE=InnoDB AUTO_INCREMENT=12 DEFAULT CHARSET=utf8;

-- ----------------------------
-- Records of house_detail
-- ----------------------------
INSERT INTO `house_detail` VALUES ('1', '1', '2020-04-29', '植物园绿野森林', '户型优越型:人文环境一流，隶属于中高档次社区。此房南北朝向，格局相当漂亮，双卧和客厅是分离开的,客厅有独立的2个面，特别好摆家具和电器。户型，位置独特,视野开阔，空气清新，紧对花园，特别适合居家过日子。清晨时，您站在客厅里，沐浴着旭日的光辉，精神饱和舒畅!本房价位超值，唯一一套抄底房.', '阳光充足，早晨的第一缕阳光直达，美丽的光辉成为一道风景，花园式社区，格局设计规整，空气清新，紧对花园，特别适合居家过日子。经典三居室,此房免5 .4%营业税,花园式社区,有山有水有游乐场,方便孩子游乐,业主自己住的房子,不用等待,直接可以入住.', '户型: 2室1厅1卫朝向:南北通透格局方正使用率高达90%', '客厅宽敞舒适、落地阳台让充足的阳光不留余地的闯进来', '主卧，次卧朝向，面积个性合理', '厨房宽敞，让您和家人有足够的空间展现私家厨艺', '连接客厅和厨房之间是您和家人享受美味的餐厅，让您热情的招待亲朋好友', '清新不落俗套,色灰泥墙结合浅红屋瓦，连续的拱门和回廊，挑高大面窗的客厅,让人心神荡漾', '抬头望，这里的星星离你特别近;白天有空就看云卷云舒; 下雨啦，那就看雨点怎么落吧;', '古典、开朗两相宜,尖塔形斜顶，抹灰木架与柱式装饰，自然建筑材料与攀附其上的藤蔓相映成趣,经典而不落时尚!');
INSERT INTO `house_detail` VALUES ('2', '2', '2020-04-29', '南岸山水名城', '平实而精致，显得自然、轻松、休闲、质朴，与庭院的亲水平台、泳池、回廊相结合，呈现一种美国乡村风情的生活格调。', '简洁对称突显沉稳，各房间都为端正的四方形，功能的空间划分和位置布局体现德国式的严谨。', '浪漫与庄严的气质，挑高的门厅和气派的大门，圆形的拱窗和转角的石砌，尽显雍容华贵。', '金碧辉煌、富丽堂皇;大理石的台阶，名贵的地毯、玉制的石像，一切极尽奢华之至!', '其简约雅致的外立面、富人情味的内庭结构、园林水系的和谐自然等要素，正在被越来越多的追寻传统价值观回归的人们所接受。', '二房总价轻松拥有三房生活，阳台、露台可自由改造。', '客厅、卧室朝园林一字排开，足不出户便可私享自然。', '主卧景观双层挑高大露台，最大化您的生活享受。', '主卧景观双层挑高大露台，最大化您的生活享受。', '双卫生间设置，细节周到考量。');
INSERT INTO `house_detail` VALUES ('3', '3', '2020-04-29', '夏威夷碧水春城', '在幽静的山林-套欧式别墅映入眼帘,仔细观察是用一块块木板搭接而成，尖尖的屋顶,绛红色的屋顶瓦在阳光的照射下格外醒目。', '色大理石铺成的地板明亮如镜子的瓷砖华丽的水晶垂钻吊灯玻璃的纯黑香木桌进口的名牌垫靠椅精美的细雕书橱整个房间，几乎无法形容了。', '传承了中华传统建筑的精髓，保持着传统建筑融古雅、简洁、 富丽于一体的独特艺术风格。以大自然为皈依，推崇儒教,兼蓄道、释，含隐蓄秀,奥僻典雅。', '西边有一个衣橱，它分.上下两层，上面是我夏天穿的衣服和冬天穿的衣服，下面是放外套和裤子。书橱在左边，有两个箱子，里面全是鞋子，天暖了，我就会把它们拿出去晒一晒。', '我的窗户要对着太阳升起的地方，看不到夕阳，就不会有为年华逝去而感受到的悲伤，我的小床不能被太阳照射到，阴暗的地方适于自己-个人哭泣，我的写字台上要摆放一些绿色的植物。', '我要在我的小院子里种一些小花，要平凡，要坚韧，要善良。再栽两棵小树，就当作是守护家园的好孩子。我还要养一只小狗，它不是名犬，也不威猛，但是它很忠心，肯为了主人而拼命。', '东边有一个门，是墨绿色,一进门,就像走进了童话世界一般，雪白雪白的墙壁， 天蓝色的天花板上，悬挂着-盏超美的挂灯， 整天都亮着。土黄色的地板，给人-种头顶蓝天,脚踩大地的感觉。', '户型方正，格局优越。', '双阳台设计，彰显生活排场。', '动静分离，干湿分区，礼遇主人。');
INSERT INTO `house_detail` VALUES ('4', '4', '2020-04-29', '东塘电信家园', '坐西南、朝东北，可以说是坐金銮,纳盘龙，镇宝塔,聚宝盆，是靠山高硬、前景开阔、位子显赫、广纳财源、永保安康的一块乐土,从自然地理的角度来看，可算是-块不可多得的宝18.', '东边有一个门，是墨绿色,一进门,就像走进了童话世界一般，雪白雪白的墙壁， 天蓝色的天花板上，悬挂着-盏超美的挂灯， 整天都亮着。土黄色的地板，给人-种头顶蓝天,脚踩大地的感觉。', '坐西南、朝东北，可以说是坐金銮,纳盘龙，镇宝塔,聚宝盆，是靠山高硬、前景开阔', '位子显赫、广纳财源、永保安康的一块乐土,从自然地理的角度来看，可算是-块不可多得的宝地。', '建筑的中与西结合得如此和谐，中式的基础韵味与西式的建筑符号和细节取长补短，不但富有审美的愉悦，更重要的是令居住舒适而贴近自然。', '外部空间布局有中式住宅围合的感觉，整体体现了小而精的优势。', '房屋也可以随意变换形状，重新组装起来。在屋顶有着一大 块太阳能板，它可以把吸收过来的太阳能转换为电能输送到电器中使用。这种太阳能板无论在身什么天气都可以使用。你也不必担心什么时候会停电了。', '经典设计，布局考究，巧妙实用，精心营造空间阔度。', '厨房、餐厅、客厅连通布局，便利大气;厨房远离厅室，有效保洁。', '独立书房私密布局，满足主人优雅品味。');
INSERT INTO `house_detail` VALUES ('5', '5', '2020-04-29', '芙蓉丽景香山', '到了2030年，我们居住的房屋和变形金刚就是一体化的了。它可以根据主人的喜好,变换成各种形状、各种样式。', '各种样式。如果你喜欢卡通，它可以变成机器猫如果你喜欢动物，它可以变成小白兔', '北边是一张床，睡在上面可舒服了。床的左边有个小橱，上面有一个杯子、还有一个暖壶，如果晚上口渴了，可以倒水喝。', '在床的右边，我会放上一盆腊梅，它的不畏艰险、坚强不屈、默默无闻、无私奉献的那种精神，会时时刻刻激励着我上进。', '由于是依山而建的，所以每一层的景色都各有千秋。进入大门，是一条用鹅卵石铺成的小路，小路的两旁是一排石凳，石凳上排列着形态各异的花木盆景，让人赏心悦目。小路往左一拐，是一扇月亮门', '里面都有节能电视、天然洗衣机等许多先进的家用电器。听了我说这么多，你们一定觉得房子回做不下，这一点你大可放心。有些东西你暂且不用，就可以用压缩机把它压缩成很小，等到用的时候再用复原器把它恢复原状。', '更有趣的是房子的墙壁，它能随着季节的变化而变化。春天，墙壁上是鲜嫩的小草，蝴蝶在草上翩翩起舞，可开心啦;飫，墙壁上就会变出大树，小朋友们穿着短袖短裤在草地上打羽毛球、跑步、踢足球;秋天，墙壁上还会出现农村大丰收的时候', '主卧配备独立卫生间及罕有挑高双景阳台，尊贵罕有。', '开门即见入户花园，把花朵和美景引入家中，与阳光绿意共筑生活。', '客厅外接飘窗，与自然零距离接触。');
INSERT INTO `house_detail` VALUES ('6', '6', '2020-04-29', '雨花曼哈顿', '浪漫与庄严的气质，挑高的门厅和气派的大门，圆形的拱窗和转角的石砌，尽显雍容华贵。清新不落俗套，白色灰泥墙结合浅红屋瓦，连续的拱门和回廊，挑高大面窗的客厅，让人心神荡漾。文雅精巧不乏舒适，门廊、门厅向南北舒展，厅、卧室等设置低窗和六角形观景凸窗,餐厅南北相通，室内室外情景交融。', '茂密葱茏的竹子沿着小路错落有致地站成两排，翠绿的竹叶则在顶端逐渐合围,形成了一个圆拱形的屋顶，浓烈的阳光和夏末炙人的热气就这样被隔绝在外了，而无论你走到园区的任何地方，却始终都看不清道路前方10米以外的景观，翠绿高大的竹林把整个园区隐密在其中，曲折处有通路，通路处又是竹林满眼。', '建筑的中与西结合得如此和谐，中式的基础韵味与西式的建筑符号和细节取长补短，不但富有审美的愉悦，更重要的是令居住舒适而贴近自然。外部空间布局有中式住宅围合的感觉，整体体现了小而精的优势。', '坐西南、朝东北，可以说是坐金銮,纳盘龙，镇宝塔,聚宝盆，是靠山高硬、前景开阔\r\n位子显赫、广纳财源、永保安康的一块乐土,从自然地理的角度来看，可算是-块不可多得的宝地。', '在幽静的山林-套欧式别墅映入眼帘,仔细观察是用一块块木板搭接而成，尖尖的屋顶,绛红色的屋顶瓦在阳光的照射下格外醒目。', '其简约雅致的外立面、富人情味的内庭结构、园林水系的和谐自然等要素，正在被越来越多的追寻传统价值观回归的人们所接受。', '金碧辉煌、富丽堂皇;大理石的台阶，名贵的地毯、玉制的石像，一切极尽奢华之至!', '卧室链接宽景阳台，与轻轻晨风一- 起绽放美好心情。', '餐厅与厨房融合一-体又各自独立，闲时会聚三两知己共饮，享受慢调生活。', '客卧景观布局合理，空间舒适;客厅餐厅分而不离，即保证空间开敞又凸显');
INSERT INTO `house_detail` VALUES ('7', '7', '2020-04-29', '铁道学院汤臣一品', '坐西南、朝东北，可以说是坐金銮,纳盘龙，镇宝塔,聚宝盆，是靠山高硬、前景开阔\r\n位子显赫、广纳财源、永保安康的一块乐土,从自然地理的角度来看，可算是-块不可多得的宝地。', '客卧景观布局合理，空间舒适;客厅餐厅分而不离，即保证空间开敞又凸显布局合理，方正面实用。', '轩敞工作书房，寓于静谧一角，风雅静逸。独立书房，书香弥漫，蓄养人生境界。', '主卧空间开阔，朝南而向，保证采光，亲和自然。卫生间明卫设计，干湿分离，雅洁清新，优越生活乐享。', '全明厨房紧邻餐厅，美味生活加速传递。厨房外连工作观景阳台，径直细味生活甜美。', '大客厅与餐厅畅达相连，南北阳台，打造优游空间。灵动空间，设计紧凑，精巧实用。', '主卧空间开阔，朝南面向，保证采光，亲和自然。卫生间明卫设计，雅洁清新，优越生活乐章。', '动静分区，功能分区合理，保证主人生活的私密性卫生间布局合理。', '动线合理，交通面积小，超大客厅设计。', '主卧270度转角凸窗，次卧赠送凸窗。');
INSERT INTO `house_detail` VALUES ('8', '8', '2020-04-29', '他城时代公馆', '平实而精致，显得自然、轻松、休闲、质朴，与庭院的亲水平台、泳池、回廊相结合，呈现一种美国乡村风情的生活格调。', '其简约雅致的外立面、富人情味的内庭结构、园林水系的和谐自然等要素，正在被越来越多的追寻传统价值观回归的人们所接受。', '在幽静的山林-套欧式别墅映入眼帘,仔细观察是用一块块木板搭接而成，尖尖的屋顶,绛红色的屋顶瓦在阳光的照射下格外醒目。', '东边有一个门，是墨绿色,一进门,就像走进了童话世界一般，雪白雪白的墙壁， 天蓝色的天花板上，悬挂着-盏超美的挂灯， 整天都亮着。土黄色的地板，给人-种头顶蓝天,脚踩大地的感觉。', '坐西南、朝东北，可以说是坐金銮,纳盘龙，镇宝塔,聚宝盆，是靠山高硬、前景开阔\r\n位子显赫、广纳财源、永保安康的一块乐土,从自然地理的角度来看，可算是-块不可多得的宝地。', '清新不落俗套，白色灰泥墙结合浅红屋瓦，连续的拱门和回廊，挑高大面窗的客厅，让人心神荡漾。文雅精巧不乏舒适，门廊、门厅向南北舒展，厅、卧室等设置低窗和六角形观景凸窗,餐厅南北相通，室内室外情景交融。', '茂密葱茏的竹子沿着小路错落有致地站成两排，翠绿的竹叶则在顶端逐渐合围,形成了一个圆拱形的屋顶，浓烈的阳光和夏末炙人的热气就这样被隔绝在外了，而无论你走到园区的任何地方，却始终都看不清道路前方10米以外的景观，翠绿高大的竹林把整个园区隐密在其中，曲折处有通路，通路处又是竹林满眼。', '双阳台设计，彰显生活排场。', '动静分离，干湿分区，礼遇主人。', '南北通透，采光同分良好，格局合理。');
INSERT INTO `house_detail` VALUES ('9', '9', '2020-04-29', '开福阳关100', '传承了中华传统建筑的精髓，保持着传统建筑融古雅、简洁、 富丽于一体的独特艺术风格。', '以大自然为皈依，推崇儒教,兼蓄道、释，含隐蓄秀,奥僻典雅。', '在幽静的山林-套欧式别墅映入眼帘,仔细观察是用一块块木板搭接而成，尖尖的屋顶,绛红色的屋顶瓦在阳光的照射下格外醒目。', '其简约雅致的外立面、富人情味的内庭结构、园林水系的和谐自然等要素，正在被越来越多的追寻传统价值观回归的人们所接受。', '平实而精致，显得自然、轻松、休闲、质朴，与庭院的亲水平台、泳池、回廊相结合，呈现一种美国乡村风情的生活格调。', '简洁对称突显沉稳，各房间都为端正的四方形，功能的空间划分和位置布局体现德国式的严谨。', '建筑的中与西结合得如此和谐，中式的基础韵味与西式的建筑符号和细节取长补短，不但富有审美的愉悦，更重要的是令居住舒适而贴近自然。外部空间布局有中式住宅围合的感觉，整体体现了小而精的优势。', '卧室链接宽景阳台，与轻轻晨风一- 起绽放美好心情。', '餐厅与厨房融合一-体又各自独立，闲时会聚三两知己共饮，享受慢调生活。', '功能区分合理，会客、休息互不打扰。');
INSERT INTO `house_detail` VALUES ('10', '10', '2020-04-29', '开福恒大雅苑', '雪白雪白的墙壁， 天蓝色的天花板上，悬挂着-盏超美的挂灯， 整天都亮着。土黄色的地板，给人-种头顶蓝天,脚踩大地的感觉。', '有了这种房屋不但可以给我们遮风挡雨，也可以为我们防火灾、抵御洪水、避地震。', '北边是一张床，睡在上面可舒服了。床的左边有个小橱，上面有一个杯子、还有一个暖壶，如果晚上口渴了，可以倒水喝。在床的右边，我会放上一盆腊梅，它的不畏艰险、坚强不屈、默默无闻、无私奉献的那种精神，会时时刻刻激励着我上进。', '金碧辉煌、富丽堂皇;大理石的台阶，名贵的地毯、玉制的石像，一切极尽奢华之至!', '简洁对称突显沉稳，各房间都为端正的四方形，功能的空间划分和位置布局体现德国式的严谨。', '文雅精巧不乏舒适，门廊、门厅向南北舒展，客厅、卧室等设置低窗和六角形观景凸窗,餐厅南北相通，室内室外情景交融。', '在幽静的山林-套欧式别墅映入眼帘,仔细观察是用一块块木板搭接而成，尖尖的屋顶,绛红色的屋顶瓦在阳光的照射下格外醒目。', '轩敞工作书房，寓于静谧一角，风雅静逸。', '独立书房，书香弥漫，蓄养人生境界。', '主卧空间开阔，朝南而向，保证采光，亲和自然');
INSERT INTO `house_detail` VALUES ('11', '11', '2020-05-07', '陵寝府邸-安祥余生', '万州恒大御景半岛占地面积7060亩，总建筑面积约312万方，', '拥有机场、铁路、高速公路、深水港码头、高铁和海关口岸。占据渝东北龙头城市万州江南新区核心板块。', '千亩低密大城，涵盖全系产品，打造1.48低密舒适生活。', '一线长江3大滨江公园，畅享旖旎风情；星级酒店、国际会议中心、多功能运动中心，构筑文化休闲地标；', '儿童游乐王国，缔造童梦奇趣世界；滨江风情商业，接轨国际时尚潮流；全龄名校教育，氤氲书香筑梦未来；', '一级资质金碧物业，管家服务尊崇人生。', '近享长寿湖4A景区风光，高铁到主城仅约30分钟，自建三大儿童乐园、约8200㎡商业街、约29000㎡主题酒店、15000㎡会议餐饮中心、约5100㎡运动中心，航母级缤纷配套，构筑精品生活。', '恒大湖山半岛现在售建面约44-108㎡奢装公寓、56-125㎡瞰湖高层、112-166㎡湖滨洋房！建面约6100元/㎡起，购4A景区房！', '恒大滨河左岸，百万大城，汇集一城精粹，领跑南川新未来。', '打造多元江湾生活，匠筑品质滨湖大城；');

-- ----------------------------
-- Table structure for houselist
-- ----------------------------
DROP TABLE IF EXISTS `houselist`;
CREATE TABLE `houselist` (
  `homeId` int(4) NOT NULL AUTO_INCREMENT,
  `homeLocal` varchar(25) DEFAULT NULL,
  `homeTown` varchar(25) DEFAULT NULL,
  `homeState` varchar(25) DEFAULT NULL,
  `homeType` varchar(10) DEFAULT NULL,
  `homeBed` int(4) DEFAULT NULL,
  `homeBath` int(4) DEFAULT NULL,
  `homePrice` int(4) DEFAULT NULL,
  `homeArea` int(4) DEFAULT NULL,
  `homeAbout` varchar(100) DEFAULT NULL,
  `userName` varchar(10) DEFAULT NULL,
  `homeTitle` varchar(25) DEFAULT NULL,
  PRIMARY KEY (`homeId`)
) ENGINE=InnoDB AUTO_INCREMENT=37 DEFAULT CHARSET=utf8;

-- ----------------------------
-- Records of houselist
-- ----------------------------
INSERT INTO `houselist` VALUES ('1', '长沙', '芙蓉', '已租', '商用', '3', '3', '7500', '5000', '总价低、首付低、月供低 无论是自住还是投资,小户型相对于大户型来说,其最大的优点就是总价低。如果是通过银行按揭方式购买,那么其首付和月供也相对较低。', null, '植物园绿野森林');
INSERT INTO `houselist` VALUES ('2', '株洲', '石峰', '待售', '住宅', '3', '3', '48000', '5000', '房子坐落在山青水秀背坡向阳的宝地上，框架结构抗震性能稳定:通风透光室内设计合理。实乃居家生活之良宅。', null, '南岸山水名城');
INSERT INTO `houselist` VALUES ('3', '湘潭', '湘乡', '已售', '住宅', '3', '3', '9500', '5000', '淡淡的檀木香充斥在身旁，镂空的雕花窗桕中射入斑斑点点细碎的阳光，细细打量一番，身下是一张柔软的木床，精致的雕花装饰的是不凡', null, '夏威夷碧水春城');
INSERT INTO `houselist` VALUES ('4', '湘潭', '湘乡', '已售', '商用', '3', '3', '7500', '5000', '房间四角立着汉白玉的柱子，四周的墙壁全是白色石砖雕砌而成，黄金雕成的兰花在白石之间妖艳的绽放，青色的纱帘随风而漾', null, '东塘电信家园');
INSERT INTO `houselist` VALUES ('5', '长沙', '岳麓', '已租', '住宅', '3', '3', '48000', '5000', '房间四角立着汉白玉的柱子，四周的墙壁全是白色石砖雕砌而成，黄金雕成的兰花在白石之间妖艳的绽放，青色的纱帘随风而漾', null, '芙蓉丽景香山');
INSERT INTO `houselist` VALUES ('6', '株洲', '云龙', '待租', '商用', '3', '3', '3500', '5000', '房子坐落在山青水秀背坡向阳的宝地上，框架结构抗震性能稳定:通风透光室内设计合理。实乃居家生活之良宅。', null, '雨花曼哈顿');
INSERT INTO `houselist` VALUES ('7', '长沙', '芙蓉', '待租', '住宅', '1', '1', '1000', '240', '总价低、首付低、月供低 无论是自住还是投资,小户型相对于大户型来说,其最大的优点就是总价低。如果是通过银行按揭方式购买,那么其首付和月供也相对较低。', null, '铁道学院汤臣一品');
INSERT INTO `houselist` VALUES ('8', '长沙', '天心', '待租', '住宅', '2', '2', '3000', '324', '过渡性强 对大多数自住购房者尤其是单身贵族或刚结婚不久的小夫妻而言,想要一次性购置3室甚至4室这种大户型,其难度是比较大的。很多人会倾向于选择小户型,等到财富积攒到一定程度再考虑二次置业', null, '他城时代公馆');
INSERT INTO `houselist` VALUES ('9', '长沙', '岳麓', '待租', '住宅', '4', '4', '33355', '400', '那所茅草垛成的房子，虽然距离已经是不甚遥远，看来轮廓也还是不清楚。那像什么呢?低矮、臃肿，背脊贴近山腰，那里正好是一处凹下的坑，房子全部在坑的里面，就如一只狗；', null, '开福阳关100');
INSERT INTO `houselist` VALUES ('11', '长沙', '芙蓉', '已租', '商用', '1', '0', '6000', '6000', '东边有一个门，是墨绿色，一进门，就像走进了童话世界一般，雪白雪白的墙壁，天蓝色的天花板上，悬挂着一盏超美的挂灯，整天都亮着。土黄色的地板，给人一种头顶蓝天，脚踩大地的感觉。 ', null, '陵寝府邸-安祥余生');
INSERT INTO `houselist` VALUES ('21', '长沙', null, '已租', '住宅', '3', '3', '7500', '5000', 'qweq789789', null, 'qweqeq7897897');
INSERT INTO `houselist` VALUES ('22', '长沙', '', '已租', '商用', '3', '3', '7500', '5000', 'qweq789789', null, '测试测试');
INSERT INTO `houselist` VALUES ('23', '长沙', '', '已租', '商用', '3', '3', '7500', '5000', '总价低、首付低、月供低 无论是自住还是投资,小户型相对于大户型来说,其最大的优点就是总价低。如果是通过银行按揭方式购买,那么其首付和月供也相对较低。', '', '测试');
INSERT INTO `houselist` VALUES ('32', '长沙', '', '已租', '商用', '4', '4', '50000', '198', '测试测试测试', null, '测试测试测试');
INSERT INTO `houselist` VALUES ('34', '长沙', '', '已租', '商用', '11', '1', '1111', '200', '111111111111111111', null, '1111111111');
INSERT INTO `houselist` VALUES ('36', '株洲', '石峰', '已租', '住宅', '1', '11', '1111', '11', '1111111', null, '1111');

-- ----------------------------
-- Table structure for picpath
-- ----------------------------
DROP TABLE IF EXISTS `picpath`;
CREATE TABLE `picpath` (
  `picId` int(4) NOT NULL AUTO_INCREMENT,
  `homeTitle` varchar(20) NOT NULL,
  `picPathLoad` varchar(50) DEFAULT NULL,
  PRIMARY KEY (`picId`)
) ENGINE=InnoDB AUTO_INCREMENT=23 DEFAULT CHARSET=utf8;

-- ----------------------------
-- Records of picpath
-- ----------------------------
INSERT INTO `picpath` VALUES ('1', '植物园绿野森林', 'b3.jpg');
INSERT INTO `picpath` VALUES ('2', '南岸山水名城', 'b4.jpg');
INSERT INTO `picpath` VALUES ('3', '夏威夷碧水春城', 'b5.jpg');
INSERT INTO `picpath` VALUES ('4', '东塘电信家园', 'b6.jpg');
INSERT INTO `picpath` VALUES ('5', '芙蓉丽景香山', 'b7.jpg');
INSERT INTO `picpath` VALUES ('6', '雨花曼哈顿', 'b8.jpg');
INSERT INTO `picpath` VALUES ('7', '铁道学院汤臣一品', 'b9.jpg');
INSERT INTO `picpath` VALUES ('8', '他城时代公馆', 'b10.jpg');
INSERT INTO `picpath` VALUES ('9', '开福阳关100', 'b11.jpg');
INSERT INTO `picpath` VALUES ('10', '开福恒大雅苑', 'b12.jpg');
INSERT INTO `picpath` VALUES ('11', '铁道学院汤臣一品', 'f1.jpg');
INSERT INTO `picpath` VALUES ('12', '他城时代公馆', 'f2.jpg');
INSERT INTO `picpath` VALUES ('13', '开福阳关100', 'f3.jpg');
INSERT INTO `picpath` VALUES ('14', '开福恒大雅苑', 'f4.jpg');
INSERT INTO `picpath` VALUES ('15', '陵寝府邸-安祥余生', 'b3.jpg');
INSERT INTO `picpath` VALUES ('16', '测试测试测试', 'psc (8).jpg');
INSERT INTO `picpath` VALUES ('18', '', 'Screenshot_2017-09-20-09-08-00_mh1505869715819.jpg');
INSERT INTO `picpath` VALUES ('19', '1', '');
INSERT INTO `picpath` VALUES ('20', '1111', 'Screenshot_2017-09-20-09-08-00_mh1505869715819.jpg');
INSERT INTO `picpath` VALUES ('21', '11231231', 'Screenshot_2017-09-20-09-08-00_mh1505869715819.jpg');
INSERT INTO `picpath` VALUES ('22', 'hhhhhh', 'WIN_20200206_14_04_30_Pro.jpg');

-- ----------------------------
-- Table structure for promise
-- ----------------------------
DROP TABLE IF EXISTS `promise`;
CREATE TABLE `promise` (
  `h` varchar(255) DEFAULT NULL COMMENT '小标题',
  `text` varchar(255) DEFAULT NULL COMMENT '内容',
  `id` int(10) DEFAULT NULL
) ENGINE=InnoDB DEFAULT CHARSET=utf8;

-- ----------------------------
-- Records of promise
-- ----------------------------
INSERT INTO `promise` VALUES ('实行先享受后付款', '在租住期间,不收取任何手续费以及押金,月底统一收费.', '3');
INSERT INTO `promise` VALUES ('绝不存在第三方中介', '欢迎用户实时举报,举报成功将获得精美礼品一份', '2');
INSERT INTO `promise` VALUES ('绝不存在虚假房源', '24小时实时更新数据', '1');

-- ----------------------------
-- Table structure for questions
-- ----------------------------
DROP TABLE IF EXISTS `questions`;
CREATE TABLE `questions` (
  `qID` int(1) NOT NULL AUTO_INCREMENT,
  `question` varchar(500) DEFAULT NULL COMMENT '问题',
  `account` varchar(1000) DEFAULT NULL COMMENT '问题的解释',
  PRIMARY KEY (`qID`)
) ENGINE=InnoDB AUTO_INCREMENT=7 DEFAULT CHARSET=utf8;

-- ----------------------------
-- Records of questions
-- ----------------------------
INSERT INTO `questions` VALUES ('1', '私房租赁合同公证的办理程序', '租赁合同公证的内容一般包括：1、出租、承租双方当事人的基本情况；2、房屋状况（坐落地点、建筑结构、数量等）； 3、房屋所有状况（有无典当、抵押、拍卖等情况）；4、当事人双方的关系；5、出租、承租的原因、理由；6、当事人双方对租赁合同内容是否认可，是否协商一致。');
INSERT INTO `questions` VALUES ('2', '房屋买卖贷款下不来怎么办?', '买房子首付已交贷款下不来可以这么做： 首先在法律规定中，如果贷款按揭没办成的话，且购房者又不能继续支付房款的话，那么开发商有权解除购房合同。所以，按揭没办成首付是否可以退，取决于购房合同解除的后果。 在《合同法》规定，合同解除后，尚未履行的，终止履行；已经履行的，根据履行情况和合同性质，当事人可以要求恢复原状、采取其他补救措施，并有权要求赔偿损失。 如果按揭没办成功不是购房者的过错导致的，那么在购房合同解除以后，首付需要退还，而且开发商还必须退还相应的利息。');
INSERT INTO `questions` VALUES ('3', '订立房屋买卖合同后卖方又将房子抵押了怎么办?', '《最高人民法院关于审理商品房买卖合同纠纷案件适用法律若干问题的解释》第八条规定：具有下列情形之一，导致商品房买卖合同目的不能实现的，无法取得房屋的买受人可以请求解除合同、返还已付购房款及利息、赔偿损失，并可以请求出卖人承担不超过已付购房款一倍的赔偿责任： （一）商品房买卖合同订立后，出卖人未告知买受人又将该房屋抵押给第三人； （二）商品房买卖合同订立后，出卖人又将该房屋出卖给第三人。根据该规定，房屋买卖合同签订后，房屋出卖人在买方不知情的情况下， 擅自将房屋抵押给他人，买方可以要求解除合同、返还已经交付的房款及利息，并且还可以要求卖方赔偿损失，同时，买方还可以要求出卖人承担不超过已付房款一倍的赔偿责任。');
INSERT INTO `questions` VALUES ('4', '给未成年子女买房可以吗？', '可以。法律并未限定购房者的年龄，因此用未成年人的名义购房是符合规定的。只是签订买房合同和办理房屋权属登记时，未成年人不能独自进行交易，需要由未成年人的法定监护人办理。 按照《民法通则》规定，不满10周岁的未成年人是无民事行为能力人，10周岁以上的未成年人是限制民事行为能力人，参与民事活动需要法定监护人代为办理。 根据规定：无民事行为能力人实施的民事行为无效。限制民事行为能力人订立的合同，经法定监护人追认后，该合同有效，不予追认的合同是无效的。');
INSERT INTO `questions` VALUES ('5', '工资低收入证明影响贷款买房吗?', '依据我国相关法律的规定，购房者的收入如果过低的，对银行贷款是有一定影响的，但能不能获得银行的贷款，要依据具体情况而定。 《个人住房贷款管理办法》 第五条 借款人须同时具备以下条件： 一、具有城镇常住户口或有效居留身份； 二、有稳定的职业和收入，信用良好，有偿还贷款本息的能力； 三、具有购买住房的合同或协议； 四、不享受购房补贴的以不低于所购住房全部价款的30%作为购房的首期付款；享受购房补贴的以个人承担部分的30%作为购房的首期付款。 五、有贷款人认可的资产作为抵押或质押，或有足够代偿能力的单位或个人作为保证人；');
INSERT INTO `questions` VALUES ('6', '买房冻结资金一般多久?', '过户完成后，买卖双方及中介共同向银行发出房屋过户确认指令，由银行把冻结的款项直接划拨到卖方账下。一般当日或第二天到账。 二手房交易资金监管流程： 1、首先，二手房买卖双方签订《房屋买卖合同》，并与中介共同到银行签订《交易资金监管协议》； 2、然后，由买方到银行开立交易资金监管专户并存入购房款项，银行对资金实行冻结； 3、最后，当买卖双方办理完房产过户手续后，买卖双方及中介共同向银行发出房屋过户确认指令，由银行把冻结的款项划拨到卖方账下。如交易失败，资金将通过银行退还买方。 4、由银行介入的“资金监管”措施，把银行信用引入了二手房交易中，不仅消除了买卖双方和中介三者之间的不信任，促进二手房交易市场人气的恢复，也有利于帮助守法经营的中介促成交易，可谓多赢。');

-- ----------------------------
-- Table structure for recommend
-- ----------------------------
DROP TABLE IF EXISTS `recommend`;
CREATE TABLE `recommend` (
  `id` int(255) NOT NULL,
  `rid` int(4) DEFAULT '0',
  `type` varchar(255) DEFAULT NULL,
  PRIMARY KEY (`id`)
) ENGINE=InnoDB DEFAULT CHARSET=utf8;

-- ----------------------------
-- Records of recommend
-- ----------------------------
INSERT INTO `recommend` VALUES ('1', '4', '其他推荐1');
INSERT INTO `recommend` VALUES ('2', '2', '其他推荐2');
INSERT INTO `recommend` VALUES ('3', '3', '其他推荐3');
INSERT INTO `recommend` VALUES ('4', '4', '相似推荐1');
INSERT INTO `recommend` VALUES ('5', '5', '相似推荐2');
INSERT INTO `recommend` VALUES ('6', '9', '相似推荐3');

-- ----------------------------
-- Table structure for supplier_feedback
-- ----------------------------
DROP TABLE IF EXISTS `supplier_feedback`;
CREATE TABLE `supplier_feedback` (
  `id` int(11) NOT NULL AUTO_INCREMENT,
  `aId` int(100) DEFAULT NULL,
  `sname` varchar(100) DEFAULT NULL,
  `semail` varchar(100) DEFAULT NULL,
  `sphone` bigint(100) DEFAULT NULL,
  `stext` varchar(100) DEFAULT NULL,
  `stime` date DEFAULT NULL,
  PRIMARY KEY (`id`)
) ENGINE=InnoDB AUTO_INCREMENT=24 DEFAULT CHARSET=utf8;

-- ----------------------------
-- Records of supplier_feedback
-- ----------------------------
INSERT INTO `supplier_feedback` VALUES ('8', '4', null, '1212121@dsd.com', '18890371731', '小阳', '2020-05-07');
INSERT INTO `supplier_feedback` VALUES ('16', '0', 'wen', '22222@2ww.com', '13877778888', '我要举报这个人', '2020-05-07');
INSERT INTO `supplier_feedback` VALUES ('21', '7', '1231', '123123@ww.cn', '13877778888', '123185678567', '2020-05-07');
INSERT INTO `supplier_feedback` VALUES ('23', '3', 'hhh', '141234@qqq.com', '13877778888', 'hoa斤斤计较军军军军军', '2020-05-07');

-- ----------------------------
-- Table structure for user
-- ----------------------------
DROP TABLE IF EXISTS `user`;
CREATE TABLE `user` (
  `userId` int(4) NOT NULL AUTO_INCREMENT,
  `userName` varchar(16) NOT NULL,
  `userPass` varchar(20) NOT NULL,
  `userEmail` varchar(30) DEFAULT NULL,
  `userPhoneNum` varchar(11) DEFAULT NULL,
  PRIMARY KEY (`userId`)
) ENGINE=InnoDB AUTO_INCREMENT=12 DEFAULT CHARSET=utf8;

-- ----------------------------
-- Records of user
-- ----------------------------
INSERT INTO `user` VALUES ('1', 'test', 'test', 'kgc@163.com', '13620028888');
INSERT INTO `user` VALUES ('2', '阿威', '123456', 'kgc@163.com', '13688888888');
INSERT INTO `user` VALUES ('3', '阿黄', '666666', 'kgc@163.com', '13699998888');
INSERT INTO `user` VALUES ('4', '小何', 'ww52012', 'wuai@163.com', '13220205202');
INSERT INTO `user` VALUES ('5', '文三级', '123456', 'wuawi@163.com', '13566668888');
INSERT INTO `user` VALUES ('6', '小段', '12333333', 'wuaiww@163.com', '13220205200');
INSERT INTO `user` VALUES ('7', '阳哥哥', '112333', 'wuaaaai@163.com', '13574610000');
INSERT INTO `user` VALUES ('8', 'eeee', 'ww22222', 'wuai11@163.com', '12345678901');
INSERT INTO `user` VALUES ('9', '段公子', 'wwerrr', 'wuaiui@163.com', '13566667777');
INSERT INTO `user` VALUES ('10', '文哥', 'wertyu', 'wuai222@163.com', '13122226666');
INSERT INTO `user` VALUES ('11', '1231', '123123', '123@12.com', '13878878878');

-- ----------------------------
-- Table structure for userevaluation
-- ----------------------------
DROP TABLE IF EXISTS `userevaluation`;
CREATE TABLE `userevaluation` (
  `username` varchar(15) DEFAULT NULL,
  `text` varchar(1000) DEFAULT NULL
) ENGINE=InnoDB DEFAULT CHARSET=utf8;

-- ----------------------------
-- Records of userevaluation
-- ----------------------------
INSERT INTO `userevaluation` VALUES ('小英', '我是普陀区真南路南李苑小区的用户,2017年12月23号，贵司宋勇、宋轩两位师傅为我送货，由于都是重货，且我住在五楼,两个小姑娘根本搬不到楼上去，这个时候，贵司的两位师傅伸出了援助之手，决定免费帮我们搬到5楼,在这个寒冷的冬天，遇到这么暖心的物流，真的特别感动。');
INSERT INTO `userevaluation` VALUES ('小鹏', '我是普陀区真南路南李苑小区的用户,2017年12月23号，贵司宋勇、宋轩两位师傅为我送货,由于都是重货，且我住在五楼，两个小姑娘根本搬不到楼上去，这个时候贵司的两位师傅伸出了援助之手，决定免费帮我们搬到5楼，在这个寒冷的冬天，遇到这么暖心的物流，真的特别感动。');
INSERT INTO `userevaluation` VALUES ('小明', '我是普陀区真南路南李苑小区的用户,2017年12月23号，贵司宋勇、宋轩两位师傅为我送货,由于都是重货，且我住在五楼，两个小姑娘根本搬不到楼上去，这个时候贵司的两位师傅伸出了援助之手，决定免费帮我们搬到5楼，在这个寒冷的冬天，遇到这么暖心的物流，真的特别感动。');
